<?xml version="1.0" encoding="UTF-8"?>
<GenRun Id="impl_1" LaunchPart="xc7a35tcpg236-1" LaunchTime="1754588423">
  <File Type="ROUTE-PWR" Name="voting_proc_power_routed.rpt"/>
  <File Type="PA-TCL" Name="voting_proc.tcl"/>
  <File Type="BITSTR-MMI" Name="voting_proc.mmi"/>
  <File Type="OPT-METHODOLOGY-DRC" Name="voting_proc_methodology_drc_opted.rpt"/>
  <File Type="INIT-TIMING" Name="voting_proc_timing_summary_init.rpt"/>
  <File Type="ROUTE-PWR-SUM" Name="voting_proc_power_summary_routed.pb"/>
  <File Type="REPORTS-TCL" Name="voting_proc_reports.tcl"/>
  <File Type="OPT-TIMING" Name="voting_proc_timing_summary_opted.rpt"/>
  <File Type="OPT-DCP" Name="voting_proc_opt.dcp"/>
  <File Type="OPT-DRC" Name="voting_proc_drc_opted.rpt"/>
  <File Type="OPT-HWDEF" Name="voting_proc.hwdef"/>
  <File Type="PWROPT-DCP" Name="voting_proc_pwropt.dcp"/>
  <File Type="PWROPT-DRC" Name="voting_proc_drc_pwropted.rpt"/>
  <File Type="PWROPT-TIMING" Name="voting_proc_timing_summary_pwropted.rpt"/>
  <File Type="PLACE-DCP" Name="voting_proc_placed.dcp"/>
  <File Type="PLACE-IO" Name="voting_proc_io_placed.rpt"/>
  <File Type="PLACE-CLK" Name="voting_proc_clock_utilization_placed.rpt"/>
  <File Type="PLACE-UTIL" Name="voting_proc_utilization_placed.rpt"/>
  <File Type="PLACE-UTIL-PB" Name="voting_proc_utilization_placed.pb"/>
  <File Type="PLACE-CTRL" Name="voting_proc_control_sets_placed.rpt"/>
  <File Type="PLACE-SIMILARITY" Name="voting_proc_incremental_reuse_placed.rpt"/>
  <File Type="PLACE-PRE-SIMILARITY" Name="voting_proc_incremental_reuse_pre_placed.rpt"/>
  <File Type="BG-BIN" Name="voting_proc.bin"/>
  <File Type="PLACE-TIMING" Name="voting_proc_timing_summary_placed.rpt"/>
  <File Type="POSTPLACE-PWROPT-DCP" Name="voting_proc_postplace_pwropt.dcp"/>
  <File Type="BITSTR-MSK" Name="voting_proc.msk"/>
  <File Type="POSTPLACE-PWROPT-TIMING" Name="voting_proc_timing_summary_postplace_pwropted.rpt"/>
  <File Type="PHYSOPT-DCP" Name="voting_proc_physopt.dcp"/>
  <File Type="PHYSOPT-DRC" Name="voting_proc_drc_physopted.rpt"/>
  <File Type="BITSTR-RBT" Name="voting_proc.rbt"/>
  <File Type="PHYSOPT-TIMING" Name="voting_proc_timing_summary_physopted.rpt"/>
  <File Type="ROUTE-ERROR-DCP" Name="voting_proc_routed_error.dcp"/>
  <File Type="ROUTE-DCP" Name="voting_proc_routed.dcp"/>
  <File Type="ROUTE-BLACKBOX-DCP" Name="voting_proc_routed_bb.dcp"/>
  <File Type="ROUTE-DRC" Name="voting_proc_drc_routed.rpt"/>
  <File Type="ROUTE-DRC-PB" Name="voting_proc_drc_routed.pb"/>
  <File Type="ROUTE-DRC-RPX" Name="voting_proc_drc_routed.rpx"/>
  <File Type="ROUTE-METHODOLOGY-DRC" Name="voting_proc_methodology_drc_routed.rpt"/>
  <File Type="ROUTE-METHODOLOGY-DRC-RPX" Name="voting_proc_methodology_drc_routed.rpx"/>
  <File Type="ROUTE-METHODOLOGY-DRC-PB" Name="voting_proc_methodology_drc_routed.pb"/>
  <File Type="ROUTE-PWR-RPX" Name="voting_proc_power_routed.rpx"/>
  <File Type="ROUTE-STATUS" Name="voting_proc_route_status.rpt"/>
  <File Type="ROUTE-STATUS-PB" Name="voting_proc_route_status.pb"/>
  <File Type="ROUTE-TIMINGSUMMARY" Name="voting_proc_timing_summary_routed.rpt"/>
  <File Type="ROUTE-TIMING-PB" Name="voting_proc_timing_summary_routed.pb"/>
  <File Type="ROUTE-TIMING-RPX" Name="voting_proc_timing_summary_routed.rpx"/>
  <File Type="ROUTE-SIMILARITY" Name="voting_proc_incremental_reuse_routed.rpt"/>
  <File Type="ROUTE-CLK" Name="voting_proc_clock_utilization_routed.rpt"/>
  <File Type="ROUTE-BUS-SKEW" Name="voting_proc_bus_skew_routed.rpt"/>
  <File Type="ROUTE-BUS-SKEW-PB" Name="voting_proc_bus_skew_routed.pb"/>
  <File Type="ROUTE-BUS-SKEW-RPX" Name="voting_proc_bus_skew_routed.rpx"/>
  <File Type="POSTROUTE-PHYSOPT-DCP" Name="voting_proc_postroute_physopt.dcp"/>
  <File Type="POSTROUTE-PHYSOPT-BLACKBOX-DCP" Name="voting_proc_postroute_physopt_bb.dcp"/>
  <File Type="POSTROUTE-PHYSOPT-TIMING" Name="voting_proc_timing_summary_postroute_physopted.rpt"/>
  <File Type="POSTROUTE-PHYSOPT-TIMING-PB" Name="voting_proc_timing_summary_postroute_physopted.pb"/>
  <File Type="POSTROUTE-PHYSOPT-TIMING-RPX" Name="voting_proc_timing_summary_postroute_physopted.rpx"/>
  <File Type="POSTROUTE-PHYSOPT-BUS-SKEW" Name="voting_proc_bus_skew_postroute_physopted.rpt"/>
  <File Type="BG-BIT" Name="voting_proc.bit"/>
  <File Type="POSTROUTE-PHYSOPT-BUS-SKEW-PB" Name="voting_proc_bus_skew_postroute_physopted.pb"/>
  <File Type="POSTROUTE-PHYSOPT-BUS-SKEW-RPX" Name="voting_proc_bus_skew_postroute_physopted.rpx"/>
  <File Type="BITSTR-NKY" Name="voting_proc.nky"/>
  <File Type="BITSTR-BMM" Name="voting_proc_bd.bmm"/>
  <File Type="PDI-FILE" Name="voting_proc.pdi"/>
  <File Type="RCFI_FILE" Name="voting_proc.rcfi"/>
  <File Type="CFI_FILE" Name="voting_proc.cfi"/>
  <File Type="RNPI_FILE" Name="voting_proc.rnpi"/>
  <File Type="NPI_FILE" Name="voting_proc.npi"/>
  <File Type="RBD_FILE" Name="voting_proc.rbd"/>
  <File Type="BITSTR-LTX" Name="debug_nets.ltx"/>
  <File Type="BITSTR-LTX" Name="voting_proc.ltx"/>
  <File Type="BITSTR-SYSDEF" Name="voting_proc.sysdef"/>
  <File Type="BG-BGN" Name="voting_proc.bgn"/>
  <File Type="BG-DRC" Name="voting_proc.drc"/>
  <File Type="RDI-RDI" Name="voting_proc.vdi"/>
  <File Type="WBT-USG" Name="usage_statistics_webtalk.html"/>
  <File Type="ROUTE-RQS" Name="voting_proc_routed.rqs"/>
  <File Type="POSTROUTE-PHYSOPT-RQS" Name="voting_proc_postroute_physopted.rqs"/>
  <File Type="ROUTE-RQS-RPT" Name="route_report_qor_suggestions_0.rpt"/>
  <File Type="POSTROUTE-PHYSOPT-RQS-RPT" Name="postroute_physopt_report_qor_suggestions_0.rpt"/>
  <FileSet Name="sources" Type="DesignSrcs" RelSrcDir="$PSRCDIR/sources_1" RelGenDir="$PGENDIR/sources_1">
    <Filter Type="Srcs"/>
    <File Path="$PSRCDIR/sources_1/imports/sources_1/imports/COMP3211/Labs/Lab 2/test/test.srcs/sources_1/new/flip.vhd">
      <FileInfo>
        <Attr Name="ImportPath" Val="$PPRDIR/../voting_proc.xpr/project/project.srcs/sources_1/imports/COMP3211/Labs/Lab 2/test/test.srcs/sources_1/new/flip.vhd"/>
        <Attr Name="ImportTime" Val="1754484248"/>
        <Attr Name="UsedIn" Val="synthesis"/>
        <Attr Name="UsedIn" Val="simulation"/>
      </FileInfo>
    </File>
    <File Path="$PSRCDIR/sources_1/imports/sources_1/new/data_memory.vhd">
      <FileInfo>
        <Attr Name="ImportPath" Val="$PPRDIR/../voting_proc.xpr/project/project.srcs/sources_1/new/data_memory.vhd"/>
        <Attr Name="ImportTime" Val="1753950778"/>
        <Attr Name="UsedIn" Val="synthesis"/>
        <Attr Name="UsedIn" Val="simulation"/>
      </FileInfo>
    </File>
    <File Path="$PSRCDIR/sources_1/imports/sources_1/imports/COMP3211/Labs/Lab 2/test/test.srcs/sources_1/imports/VotingHDL/swap.v">
      <FileInfo>
        <Attr Name="ImportPath" Val="$PPRDIR/../voting_proc.xpr/project/project.srcs/sources_1/imports/COMP3211/Labs/Lab 2/test/test.srcs/sources_1/imports/VotingHDL/swap.v"/>
        <Attr Name="ImportTime" Val="1754519212"/>
        <Attr Name="UsedIn" Val="synthesis"/>
        <Attr Name="UsedIn" Val="implementation"/>
        <Attr Name="UsedIn" Val="simulation"/>
      </FileInfo>
    </File>
    <File Path="$PSRCDIR/sources_1/imports/sources_1/new/2to1_mux_nbit.vhd">
      <FileInfo>
        <Attr Name="ImportPath" Val="$PPRDIR/../voting_proc.xpr/project/project.srcs/sources_1/new/2to1_mux_nbit.vhd"/>
        <Attr Name="ImportTime" Val="1753943208"/>
        <Attr Name="UsedIn" Val="synthesis"/>
        <Attr Name="UsedIn" Val="simulation"/>
      </FileInfo>
    </File>
    <File Path="$PSRCDIR/sources_1/imports/sources_1/new/stage_write_back.vhd">
      <FileInfo>
        <Attr Name="ImportPath" Val="$PPRDIR/../voting_proc.xpr/project/project.srcs/sources_1/new/stage_write_back.vhd"/>
        <Attr Name="ImportTime" Val="1753946546"/>
        <Attr Name="UsedIn" Val="synthesis"/>
        <Attr Name="UsedIn" Val="simulation"/>
      </FileInfo>
    </File>
    <File Path="$PSRCDIR/sources_1/imports/sources_1/imports/COMP3211/Assignment/VotingHDL/shift.vhd">
      <FileInfo>
        <Attr Name="ImportPath" Val="$PPRDIR/../voting_proc.xpr/project/project.srcs/sources_1/imports/COMP3211/Assignment/VotingHDL/shift.vhd"/>
        <Attr Name="ImportTime" Val="1754525378"/>
        <Attr Name="UsedIn" Val="synthesis"/>
        <Attr Name="UsedIn" Val="simulation"/>
      </FileInfo>
    </File>
    <File Path="$PSRCDIR/sources_1/imports/sources_1/new/stage_memory.vhd">
      <FileInfo>
        <Attr Name="ImportPath" Val="$PPRDIR/../voting_proc.xpr/project/project.srcs/sources_1/new/stage_memory.vhd"/>
        <Attr Name="ImportTime" Val="1753950696"/>
        <Attr Name="UsedIn" Val="synthesis"/>
        <Attr Name="UsedIn" Val="simulation"/>
      </FileInfo>
    </File>
    <File Path="$PSRCDIR/sources_1/imports/sources_1/new/voting_proc.vhd">
      <FileInfo>
        <Attr Name="ImportPath" Val="$PPRDIR/../voting_proc.xpr/project/project.srcs/sources_1/new/voting_proc.vhd"/>
        <Attr Name="ImportTime" Val="1754518042"/>
        <Attr Name="UsedIn" Val="synthesis"/>
        <Attr Name="UsedIn" Val="simulation"/>
      </FileInfo>
    </File>
    <File Path="$PSRCDIR/sources_1/imports/sources_1/new/control_unit.vhd">
      <FileInfo>
        <Attr Name="ImportPath" Val="$PPRDIR/../voting_proc.xpr/project/project.srcs/sources_1/new/control_unit.vhd"/>
        <Attr Name="ImportTime" Val="1754019846"/>
        <Attr Name="UsedIn" Val="synthesis"/>
        <Attr Name="UsedIn" Val="simulation"/>
      </FileInfo>
    </File>
    <File Path="$PSRCDIR/sources_1/imports/sources_1/new/tag_generator.vhd">
      <FileInfo>
        <Attr Name="ImportPath" Val="$PPRDIR/../voting_proc.xpr/project/project.srcs/sources_1/new/tag_generator.vhd"/>
        <Attr Name="ImportTime" Val="1754484048"/>
        <Attr Name="UsedIn" Val="synthesis"/>
        <Attr Name="UsedIn" Val="simulation"/>
      </FileInfo>
    </File>
    <File Path="$PSRCDIR/sources_1/imports/sources_1/new/reg_n.vhd">
      <FileInfo>
        <Attr Name="ImportPath" Val="$PPRDIR/../voting_proc.xpr/project/project.srcs/sources_1/new/reg_n.vhd"/>
        <Attr Name="ImportTime" Val="1754524822"/>
        <Attr Name="UsedIn" Val="synthesis"/>
        <Attr Name="UsedIn" Val="simulation"/>
      </FileInfo>
    </File>
    <File Path="$PSRCDIR/sources_1/imports/sources_1/imports/COMP3211/Labs/Lab 2/test/test.srcs/sources_1/imports/VotingHDL/XOR_stage.vhd">
      <FileInfo>
        <Attr Name="ImportPath" Val="$PPRDIR/../voting_proc.xpr/project/project.srcs/sources_1/imports/COMP3211/Labs/Lab 2/test/test.srcs/sources_1/imports/VotingHDL/XOR_stage.vhd"/>
        <Attr Name="ImportTime" Val="1754484458"/>
        <Attr Name="UsedIn" Val="synthesis"/>
        <Attr Name="UsedIn" Val="simulation"/>
      </FileInfo>
    </File>
    <File Path="$PSRCDIR/sources_1/imports/sources_1/new/pc_reg.vhd">
      <FileInfo>
        <Attr Name="ImportPath" Val="$PPRDIR/../voting_proc.xpr/project/project.srcs/sources_1/new/pc_reg.vhd"/>
        <Attr Name="ImportTime" Val="1754017050"/>
        <Attr Name="UsedIn" Val="synthesis"/>
        <Attr Name="UsedIn" Val="simulation"/>
      </FileInfo>
    </File>
    <File Path="$PSRCDIR/sources_1/imports/sources_1/new/stage_tag_gen.vhd">
      <FileInfo>
        <Attr Name="ImportPath" Val="$PPRDIR/../voting_proc.xpr/project/project.srcs/sources_1/new/stage_tag_gen.vhd"/>
        <Attr Name="ImportTime" Val="1754524872"/>
        <Attr Name="UsedIn" Val="synthesis"/>
        <Attr Name="UsedIn" Val="simulation"/>
      </FileInfo>
    </File>
    <File Path="$PSRCDIR/sources_1/imports/sources_1/new/saturation_adder.vhd">
      <FileInfo>
        <Attr Name="ImportPath" Val="$PPRDIR/../voting_proc.xpr/project/project.srcs/sources_1/new/saturation_adder.vhd"/>
        <Attr Name="ImportTime" Val="1753946404"/>
        <Attr Name="UsedIn" Val="synthesis"/>
        <Attr Name="UsedIn" Val="simulation"/>
      </FileInfo>
    </File>
    <File Path="$PSRCDIR/sources_1/imports/sources_1/new/instruction_memory.vhd">
      <FileInfo>
        <Attr Name="ImportPath" Val="$PPRDIR/../voting_proc.xpr/project/project.srcs/sources_1/new/instruction_memory.vhd"/>
        <Attr Name="ImportTime" Val="1754100626"/>
        <Attr Name="UsedIn" Val="synthesis"/>
        <Attr Name="UsedIn" Val="simulation"/>
      </FileInfo>
    </File>
    <File Path="$PSRCDIR/sources_1/imports/sources_1/new/sign_extender_n_to_m.vhd">
      <FileInfo>
        <Attr Name="ImportPath" Val="$PPRDIR/../voting_proc.xpr/project/project.srcs/sources_1/new/sign_extender_n_to_m.vhd"/>
        <Attr Name="ImportTime" Val="1754020920"/>
        <Attr Name="UsedIn" Val="synthesis"/>
        <Attr Name="UsedIn" Val="simulation"/>
      </FileInfo>
    </File>
    <File Path="$PSRCDIR/sources_1/imports/sources_1/new/addr_calc.vhd">
      <FileInfo>
        <Attr Name="ImportPath" Val="$PPRDIR/../voting_proc.xpr/project/project.srcs/sources_1/new/addr_calc.vhd"/>
        <Attr Name="ImportTime" Val="1753943234"/>
        <Attr Name="UsedIn" Val="synthesis"/>
        <Attr Name="UsedIn" Val="simulation"/>
      </FileInfo>
    </File>
    <File Path="$PSRCDIR/sources_1/imports/sources_1/new/next_pc_calc.vhd">
      <FileInfo>
        <Attr Name="ImportPath" Val="$PPRDIR/../voting_proc.xpr/project/project.srcs/sources_1/new/next_pc_calc.vhd"/>
        <Attr Name="ImportTime" Val="1754018012"/>
        <Attr Name="UsedIn" Val="synthesis"/>
        <Attr Name="UsedIn" Val="simulation"/>
      </FileInfo>
    </File>
    <File Path="$PSRCDIR/sources_1/imports/sources_1/new/stage_instruction_fetch_decode.vhd">
      <FileInfo>
        <Attr Name="ImportPath" Val="$PPRDIR/../voting_proc.xpr/project/project.srcs/sources_1/new/stage_instruction_fetch_decode.vhd"/>
        <Attr Name="ImportTime" Val="1754524934"/>
        <Attr Name="UsedIn" Val="synthesis"/>
        <Attr Name="UsedIn" Val="simulation"/>
      </FileInfo>
    </File>
    <File Path="$PSRCDIR/sources_1/new/record_mem.vhd">
      <FileInfo>
        <Attr Name="UsedIn" Val="synthesis"/>
        <Attr Name="UsedIn" Val="simulation"/>
      </FileInfo>
    </File>
    <File Path="$PSRCDIR/sources_1/new/SECRET_MEM.vhd">
      <FileInfo>
        <Attr Name="UsedIn" Val="synthesis"/>
        <Attr Name="UsedIn" Val="simulation"/>
      </FileInfo>
    </File>
    <Config>
      <Option Name="DesignMode" Val="RTL"/>
      <Option Name="TopModule" Val="voting_proc"/>
    </Config>
  </FileSet>
  <FileSet Name="constrs_in" Type="Constrs" RelSrcDir="$PSRCDIR/constrs_1">
    <Filter Type="Constrs"/>
    <File Path="$PSRCDIR/constrs_1/imports/digilent-xdc-master/Basys-3-Master.xdc">
      <FileInfo>
        <Attr Name="ImportPath" Val="$PPRDIR/../voting_proc.xpr/project/project.srcs/constrs_1/imports/digilent-xdc-master/Basys-3-Master.xdc"/>
        <Attr Name="ImportTime" Val="1749187142"/>
        <Attr Name="UsedIn" Val="synthesis"/>
        <Attr Name="UsedIn" Val="implementation"/>
      </FileInfo>
    </File>
    <Config>
      <Option Name="ConstrsType" Val="XDC"/>
    </Config>
  </FileSet>
  <FileSet Name="utils" Type="Utils" RelSrcDir="$PSRCDIR/utils_1">
    <Filter Type="Utils"/>
    <File Path="$PSRCDIR/utils_1/imports/synth_1/voting_proc.dcp">
      <FileInfo>
        <Attr Name="UsedIn" Val="synthesis"/>
        <Attr Name="UsedIn" Val="implementation"/>
        <Attr Name="UsedInSteps" Val="synth_1"/>
        <Attr Name="UsedInSteps" Val="synth_1_copy_1"/>
        <Attr Name="AutoDcp" Val="1"/>
      </FileInfo>
    </File>
    <Config>
      <Option Name="TopAutoSet" Val="TRUE"/>
    </Config>
  </FileSet>
  <Strategy Version="1" Minor="2">
    <StratHandle Name="Vivado Implementation Defaults" Flow="Vivado Implementation 2022">
      <Desc>Default settings for Implementation.</Desc>
    </StratHandle>
    <Step Id="init_design"/>
    <Step Id="opt_design"/>
    <Step Id="power_opt_design"/>
    <Step Id="place_design"/>
    <Step Id="post_place_power_opt_design"/>
    <Step Id="phys_opt_design"/>
    <Step Id="route_design"/>
    <Step Id="post_route_phys_opt_design"/>
    <Step Id="write_bitstream"/>
  </Strategy>
</GenRun>
