<?xml version="1.0" encoding="UTF-8"?>
<GenRun Id="synth_1" LaunchPart="xc7a35tcpg236-1" LaunchTime="1754588423" LaunchIncrCheckpoint="$PSRCDIR/utils_1/imports/synth_1/voting_proc.dcp">
  <File Type="PA-TCL" Name="voting_proc.tcl"/>
  <File Type="RDS-PROPCONSTRS" Name="voting_proc_drc_synth.rpt"/>
  <File Type="REPORTS-TCL" Name="voting_proc_reports.tcl"/>
  <File Type="RDS-RDS" Name="voting_proc.vds"/>
  <File Type="RDS-UTIL" Name="voting_proc_utilization_synth.rpt"/>
  <File Type="RDS-UTIL-PB" Name="voting_proc_utilization_synth.pb"/>
  <File Type="RDS-DCP" Name="voting_proc.dcp"/>
  <File Type="VDS-TIMINGSUMMARY" Name="voting_proc_timing_summary_synth.rpt"/>
  <File Type="VDS-TIMING-PB" Name="voting_proc_timing_summary_synth.pb"/>
  <FileSet Name="sources" Type="DesignSrcs" RelSrcDir="$PSRCDIR/sources_1" RelGenDir="$PGENDIR/sources_1">
    <Filter Type="Srcs"/>
    <File Path="$PSRCDIR/sources_1/imports/sources_1/imports/COMP3211/Labs/Lab 2/test/test.srcs/sources_1/new/flip.vhd">
      <FileInfo>
        <Attr Name="ImportPath" Val="$PPRDIR/../voting_proc.xpr/project/project.srcs/sources_1/imports/COMP3211/Labs/Lab 2/test/test.srcs/sources_1/new/flip.vhd"/>
        <Attr Name="ImportTime" Val="1754484248"/>
        <Attr Name="UsedIn" Val="synthesis"/>
        <Attr Name="UsedIn" Val="simulation"/>
      </FileInfo>
    </File>
    <File Path="$PSRCDIR/sources_1/imports/sources_1/new/data_memory.vhd">
      <FileInfo>
        <Attr Name="ImportPath" Val="$PPRDIR/../voting_proc.xpr/project/project.srcs/sources_1/new/data_memory.vhd"/>
        <Attr Name="ImportTime" Val="1753950778"/>
        <Attr Name="UsedIn" Val="synthesis"/>
        <Attr Name="UsedIn" Val="simulation"/>
      </FileInfo>
    </File>
    <File Path="$PSRCDIR/sources_1/imports/sources_1/imports/COMP3211/Labs/Lab 2/test/test.srcs/sources_1/imports/VotingHDL/swap.v">
      <FileInfo>
        <Attr Name="ImportPath" Val="$PPRDIR/../voting_proc.xpr/project/project.srcs/sources_1/imports/COMP3211/Labs/Lab 2/test/test.srcs/sources_1/imports/VotingHDL/swap.v"/>
        <Attr Name="ImportTime" Val="1754519212"/>
        <Attr Name="UsedIn" Val="synthesis"/>
        <Attr Name="UsedIn" Val="implementation"/>
        <Attr Name="UsedIn" Val="simulation"/>
      </FileInfo>
    </File>
    <File Path="$PSRCDIR/sources_1/imports/sources_1/new/2to1_mux_nbit.vhd">
      <FileInfo>
        <Attr Name="ImportPath" Val="$PPRDIR/../voting_proc.xpr/project/project.srcs/sources_1/new/2to1_mux_nbit.vhd"/>
        <Attr Name="ImportTime" Val="1753943208"/>
        <Attr Name="UsedIn" Val="synthesis"/>
        <Attr Name="UsedIn" Val="simulation"/>
      </FileInfo>
    </File>
    <File Path="$PSRCDIR/sources_1/imports/sources_1/new/stage_write_back.vhd">
      <FileInfo>
        <Attr Name="ImportPath" Val="$PPRDIR/../voting_proc.xpr/project/project.srcs/sources_1/new/stage_write_back.vhd"/>
        <Attr Name="ImportTime" Val="1753946546"/>
        <Attr Name="UsedIn" Val="synthesis"/>
        <Attr Name="UsedIn" Val="simulation"/>
      </FileInfo>
    </File>
    <File Path="$PSRCDIR/sources_1/imports/sources_1/imports/COMP3211/Assignment/VotingHDL/shift.vhd">
      <FileInfo>
        <Attr Name="ImportPath" Val="$PPRDIR/../voting_proc.xpr/project/project.srcs/sources_1/imports/COMP3211/Assignment/VotingHDL/shift.vhd"/>
        <Attr Name="ImportTime" Val="1754525378"/>
        <Attr Name="UsedIn" Val="synthesis"/>
        <Attr Name="UsedIn" Val="simulation"/>
      </FileInfo>
    </File>
    <File Path="$PSRCDIR/sources_1/imports/sources_1/new/stage_memory.vhd">
      <FileInfo>
        <Attr Name="ImportPath" Val="$PPRDIR/../voting_proc.xpr/project/project.srcs/sources_1/new/stage_memory.vhd"/>
        <Attr Name="ImportTime" Val="1753950696"/>
        <Attr Name="UsedIn" Val="synthesis"/>
        <Attr Name="UsedIn" Val="simulation"/>
      </FileInfo>
    </File>
    <File Path="$PSRCDIR/sources_1/imports/sources_1/new/voting_proc.vhd">
      <FileInfo>
        <Attr Name="ImportPath" Val="$PPRDIR/../voting_proc.xpr/project/project.srcs/sources_1/new/voting_proc.vhd"/>
        <Attr Name="ImportTime" Val="1754518042"/>
        <Attr Name="UsedIn" Val="synthesis"/>
        <Attr Name="UsedIn" Val="simulation"/>
      </FileInfo>
    </File>
    <File Path="$PSRCDIR/sources_1/imports/sources_1/new/control_unit.vhd">
      <FileInfo>
        <Attr Name="ImportPath" Val="$PPRDIR/../voting_proc.xpr/project/project.srcs/sources_1/new/control_unit.vhd"/>
        <Attr Name="ImportTime" Val="1754019846"/>
        <Attr Name="UsedIn" Val="synthesis"/>
        <Attr Name="UsedIn" Val="simulation"/>
      </FileInfo>
    </File>
    <File Path="$PSRCDIR/sources_1/imports/sources_1/new/tag_generator.vhd">
      <FileInfo>
        <Attr Name="ImportPath" Val="$PPRDIR/../voting_proc.xpr/project/project.srcs/sources_1/new/tag_generator.vhd"/>
        <Attr Name="ImportTime" Val="1754484048"/>
        <Attr Name="UsedIn" Val="synthesis"/>
        <Attr Name="UsedIn" Val="simulation"/>
      </FileInfo>
    </File>
    <File Path="$PSRCDIR/sources_1/imports/sources_1/new/reg_n.vhd">
      <FileInfo>
        <Attr Name="ImportPath" Val="$PPRDIR/../voting_proc.xpr/project/project.srcs/sources_1/new/reg_n.vhd"/>
        <Attr Name="ImportTime" Val="1754524822"/>
        <Attr Name="UsedIn" Val="synthesis"/>
        <Attr Name="UsedIn" Val="simulation"/>
      </FileInfo>
    </File>
    <File Path="$PSRCDIR/sources_1/imports/sources_1/imports/COMP3211/Labs/Lab 2/test/test.srcs/sources_1/imports/VotingHDL/XOR_stage.vhd">
      <FileInfo>
        <Attr Name="ImportPath" Val="$PPRDIR/../voting_proc.xpr/project/project.srcs/sources_1/imports/COMP3211/Labs/Lab 2/test/test.srcs/sources_1/imports/VotingHDL/XOR_stage.vhd"/>
        <Attr Name="ImportTime" Val="1754484458"/>
        <Attr Name="UsedIn" Val="synthesis"/>
        <Attr Name="UsedIn" Val="simulation"/>
      </FileInfo>
    </File>
    <File Path="$PSRCDIR/sources_1/imports/sources_1/new/pc_reg.vhd">
      <FileInfo>
        <Attr Name="ImportPath" Val="$PPRDIR/../voting_proc.xpr/project/project.srcs/sources_1/new/pc_reg.vhd"/>
        <Attr Name="ImportTime" Val="1754017050"/>
        <Attr Name="UsedIn" Val="synthesis"/>
        <Attr Name="UsedIn" Val="simulation"/>
      </FileInfo>
    </File>
    <File Path="$PSRCDIR/sources_1/imports/sources_1/new/stage_tag_gen.vhd">
      <FileInfo>
        <Attr Name="ImportPath" Val="$PPRDIR/../voting_proc.xpr/project/project.srcs/sources_1/new/stage_tag_gen.vhd"/>
        <Attr Name="ImportTime" Val="1754524872"/>
        <Attr Name="UsedIn" Val="synthesis"/>
        <Attr Name="UsedIn" Val="simulation"/>
      </FileInfo>
    </File>
    <File Path="$PSRCDIR/sources_1/imports/sources_1/new/saturation_adder.vhd">
      <FileInfo>
        <Attr Name="ImportPath" Val="$PPRDIR/../voting_proc.xpr/project/project.srcs/sources_1/new/saturation_adder.vhd"/>
        <Attr Name="ImportTime" Val="1753946404"/>
        <Attr Name="UsedIn" Val="synthesis"/>
        <Attr Name="UsedIn" Val="simulation"/>
      </FileInfo>
    </File>
    <File Path="$PSRCDIR/sources_1/imports/sources_1/new/instruction_memory.vhd">
      <FileInfo>
        <Attr Name="ImportPath" Val="$PPRDIR/../voting_proc.xpr/project/project.srcs/sources_1/new/instruction_memory.vhd"/>
        <Attr Name="ImportTime" Val="1754100626"/>
        <Attr Name="UsedIn" Val="synthesis"/>
        <Attr Name="UsedIn" Val="simulation"/>
      </FileInfo>
    </File>
    <File Path="$PSRCDIR/sources_1/imports/sources_1/new/sign_extender_n_to_m.vhd">
      <FileInfo>
        <Attr Name="ImportPath" Val="$PPRDIR/../voting_proc.xpr/project/project.srcs/sources_1/new/sign_extender_n_to_m.vhd"/>
        <Attr Name="ImportTime" Val="1754020920"/>
        <Attr Name="UsedIn" Val="synthesis"/>
        <Attr Name="UsedIn" Val="simulation"/>
      </FileInfo>
    </File>
    <File Path="$PSRCDIR/sources_1/imports/sources_1/new/addr_calc.vhd">
      <FileInfo>
        <Attr Name="ImportPath" Val="$PPRDIR/../voting_proc.xpr/project/project.srcs/sources_1/new/addr_calc.vhd"/>
        <Attr Name="ImportTime" Val="1753943234"/>
        <Attr Name="UsedIn" Val="synthesis"/>
        <Attr Name="UsedIn" Val="simulation"/>
      </FileInfo>
    </File>
    <File Path="$PSRCDIR/sources_1/imports/sources_1/new/next_pc_calc.vhd">
      <FileInfo>
        <Attr Name="ImportPath" Val="$PPRDIR/../voting_proc.xpr/project/project.srcs/sources_1/new/next_pc_calc.vhd"/>
        <Attr Name="ImportTime" Val="1754018012"/>
        <Attr Name="UsedIn" Val="synthesis"/>
        <Attr Name="UsedIn" Val="simulation"/>
      </FileInfo>
    </File>
    <File Path="$PSRCDIR/sources_1/imports/sources_1/new/stage_instruction_fetch_decode.vhd">
      <FileInfo>
        <Attr Name="ImportPath" Val="$PPRDIR/../voting_proc.xpr/project/project.srcs/sources_1/new/stage_instruction_fetch_decode.vhd"/>
        <Attr Name="ImportTime" Val="1754524934"/>
        <Attr Name="UsedIn" Val="synthesis"/>
        <Attr Name="UsedIn" Val="simulation"/>
      </FileInfo>
    </File>
    <File Path="$PSRCDIR/sources_1/new/record_mem.vhd">
      <FileInfo>
        <Attr Name="UsedIn" Val="synthesis"/>
        <Attr Name="UsedIn" Val="simulation"/>
      </FileInfo>
    </File>
    <File Path="$PSRCDIR/sources_1/new/SECRET_MEM.vhd">
      <FileInfo>
        <Attr Name="UsedIn" Val="synthesis"/>
        <Attr Name="UsedIn" Val="simulation"/>
      </FileInfo>
    </File>
    <Config>
      <Option Name="DesignMode" Val="RTL"/>
      <Option Name="TopModule" Val="voting_proc"/>
    </Config>
  </FileSet>
  <FileSet Name="constrs_in" Type="Constrs" RelSrcDir="$PSRCDIR/constrs_1">
    <Filter Type="Constrs"/>
    <File Path="$PSRCDIR/constrs_1/imports/digilent-xdc-master/Basys-3-Master.xdc">
      <FileInfo>
        <Attr Name="ImportPath" Val="$PPRDIR/../voting_proc.xpr/project/project.srcs/constrs_1/imports/digilent-xdc-master/Basys-3-Master.xdc"/>
        <Attr Name="ImportTime" Val="1749187142"/>
        <Attr Name="UsedIn" Val="synthesis"/>
        <Attr Name="UsedIn" Val="implementation"/>
      </FileInfo>
    </File>
    <Config>
      <Option Name="ConstrsType" Val="XDC"/>
    </Config>
  </FileSet>
  <FileSet Name="utils" Type="Utils" RelSrcDir="$PSRCDIR/utils_1">
    <Filter Type="Utils"/>
    <File Path="$PSRCDIR/utils_1/imports/synth_1/voting_proc.dcp">
      <FileInfo>
        <Attr Name="UsedIn" Val="synthesis"/>
        <Attr Name="UsedIn" Val="implementation"/>
        <Attr Name="UsedInSteps" Val="synth_1"/>
        <Attr Name="UsedInSteps" Val="synth_1_copy_1"/>
        <Attr Name="AutoDcp" Val="1"/>
      </FileInfo>
    </File>
    <Config>
      <Option Name="TopAutoSet" Val="TRUE"/>
    </Config>
  </FileSet>
  <Strategy Version="1" Minor="2">
    <StratHandle Name="Vivado Synthesis Defaults" Flow="Vivado Synthesis 2022">
      <Desc>Vivado Synthesis Defaults</Desc>
    </StratHandle>
    <Step Id="synth_design"/>
  </Strategy>
</GenRun>
